{
  "total cpu time (second)": 60.77,
  "total gpu time (second)": 0.0,
  "execution time per batch (second)": 0.769240506329114,
  "cpu memory (MB)": 25377.38,
  "gpu memory (MB)": 0.0,
  "throughput(bps)": 3384536,
  "batch size": 2,
  "number of batches": 79,
  "device": "cpu",
  "MAE": 0.01251969638102928,
  "MSE": 0.0002972779993238396,
  "Bias": 0.0020244850317002864,
  "Precision": 0.011360399723052979,
  "R2": 0.9746744092553854
}