{
     "MAE": 0.012519702469931539,
     "MSE": 0.0002972779517542907,
     "Bias": 0.002024519662331888,
     "Precision": 0.011360233630985022,
     "R2": 0.9746744122000114
}